caso,threads,repeticao,t_ms,total
05-worker-leitura-suja,1,1,0.31,40000
05-worker-leitura-suja,1,1,64.31,39900
05-worker-leitura-suja,1,1,81.63,40000
05-worker-leitura-suja,1,1,82.53,39900
05-worker-leitura-suja,1,1,99.78,40000
05-worker-leitura-suja,1,1,100.7,39900
05-worker-leitura-suja,1,1,117.6,40000
05-worker-leitura-suja,1,1,118.45,39900
05-worker-leitura-suja,1,1,135.29,40000
05-worker-leitura-suja,1,1,136.17,39900
05-worker-leitura-suja,1,1,152.39,40000
05-worker-leitura-suja,1,1,153.15,39900
05-worker-leitura-suja,1,1,169.5,40000
05-worker-leitura-suja,1,1,170.23,39900
05-worker-leitura-suja,1,1,187.53,40000
05-worker-leitura-suja,1,1,188.31,39900
05-worker-leitura-suja,1,1,205.64,40000
05-worker-leitura-suja,1,1,206.38,39900
05-worker-leitura-suja,1,1,223.38,40000
05-worker-leitura-suja,1,1,224.13,39900
05-worker-leitura-suja,1,1,240.4,40000
05-worker-leitura-suja,1,1,241.16,39900
05-worker-leitura-suja,1,1,259.68,40000
05-worker-leitura-suja,1,1,260.43,39900
05-worker-leitura-suja,1,1,277.31,40000
05-worker-leitura-suja,1,1,278.18,39900
05-worker-leitura-suja,1,1,294.36,40000
05-worker-leitura-suja,1,1,295.06,39900
05-worker-leitura-suja,1,1,311.33,40000
05-worker-leitura-suja,1,1,312.2,39900
05-worker-leitura-suja,1,1,328.39,40000
05-worker-leitura-suja,1,1,329.1,39900
05-worker-leitura-suja,1,1,345.37,40000
05-worker-leitura-suja,1,1,345.98,39900
05-worker-leitura-suja,1,1,362.46,40000
05-worker-leitura-suja,1,1,363.21,39900
05-worker-leitura-suja,1,1,380.42,40000
05-worker-leitura-suja,1,1,381.14,39900
05-worker-leitura-suja,1,1,397.45,40000
05-worker-leitura-suja,1,1,398.32,39900
05-worker-leitura-suja,1,1,414.26,40000
05-worker-leitura-suja,1,1,415.24,39900
05-worker-leitura-suja,1,1,431.31,40000
05-worker-leitura-suja,1,1,432.05,39900
05-worker-leitura-suja,1,1,448.33,40000
05-worker-leitura-suja,1,1,449.11,39900
05-worker-leitura-suja,1,1,465.33,40000
05-worker-leitura-suja,1,1,466.04,39900
05-worker-leitura-suja,1,1,482.43,40000
05-worker-leitura-suja,1,1,483.35,39900
05-worker-leitura-suja,1,1,500.3,40000
05-worker-leitura-suja,1,1,501.09,39900
05-worker-leitura-suja,1,1,517.34,40000
05-worker-leitura-suja,1,1,518.03,39900
05-worker-leitura-suja,1,1,534.41,40000
05-worker-leitura-suja,1,1,535.1,39900
05-worker-leitura-suja,1,1,551.3,40000
05-worker-leitura-suja,1,1,552.01,39900
05-worker-leitura-suja,1,1,568.53,40000
05-worker-leitura-suja,1,1,569.38,39900
05-worker-leitura-suja,1,1,586.43,40000
05-worker-leitura-suja,1,1,587.12,39900
05-worker-leitura-suja,1,1,603.52,40000
05-worker-leitura-suja,1,1,604.4,39900
05-worker-leitura-suja,1,1,621.38,40000
05-worker-leitura-suja,1,1,622.01,39900
05-worker-leitura-suja,1,1,638.42,40000
05-worker-leitura-suja,1,1,639.17,39900
05-worker-leitura-suja,1,1,655.22,40000
05-worker-leitura-suja,1,1,655.97,39900
05-worker-leitura-suja,1,1,672.34,40000
05-worker-leitura-suja,1,1,672.97,39900
05-worker-leitura-suja,1,1,689.42,40000
05-worker-leitura-suja,1,1,690.33,39900
05-worker-leitura-suja,1,1,709.19,40000
05-worker-leitura-suja,1,1,709.9,39900
05-worker-leitura-suja,1,1,727.13,40000
05-worker-leitura-suja,1,1,729.08,39900
05-worker-leitura-suja,1,1,746.39,40000
05-worker-leitura-suja,1,1,747.22,39900
05-worker-leitura-suja,1,1,763.43,40000
05-worker-leitura-suja,1,1,765.92,40000
05-worker-leitura-suja,2,1,0.34,40000
05-worker-leitura-suja,2,1,69.65,39900
05-worker-leitura-suja,2,1,70.15,39800
05-worker-leitura-suja,2,1,86.77,39900
05-worker-leitura-suja,2,1,87.75,39800
05-worker-leitura-suja,2,1,88,39900
05-worker-leitura-suja,2,1,88.82,39800
05-worker-leitura-suja,2,1,104.66,39900
05-worker-leitura-suja,2,1,106.24,39800
05-worker-leitura-suja,2,1,106.4,39900
05-worker-leitura-suja,2,1,108.03,39800
05-worker-leitura-suja,2,1,123.62,39900
05-worker-leitura-suja,2,1,124.56,39800
05-worker-leitura-suja,2,1,124.69,39900
05-worker-leitura-suja,2,1,125.6,39800
05-worker-leitura-suja,2,1,145.06,39900
05-worker-leitura-suja,2,1,146.88,40000
05-worker-leitura-suja,2,1,147.76,39900
05-worker-leitura-suja,2,1,148.46,39800
05-worker-leitura-suja,2,1,166.21,39900
05-worker-leitura-suja,2,1,167.58,40000
05-worker-leitura-suja,2,1,167.74,39900
05-worker-leitura-suja,2,1,169.05,39800
05-worker-leitura-suja,2,1,186.64,39900
05-worker-leitura-suja,2,1,187.61,40000
05-worker-leitura-suja,2,1,188.35,39900
05-worker-leitura-suja,2,1,189.17,39800
05-worker-leitura-suja,2,1,206.21,39900
05-worker-leitura-suja,2,1,207.34,39800
05-worker-leitura-suja,2,1,209.05,39900
05-worker-leitura-suja,2,1,209.84,39800
05-worker-leitura-suja,2,1,224.58,39900
05-worker-leitura-suja,2,1,226.29,39800
05-worker-leitura-suja,2,1,227.57,39900
05-worker-leitura-suja,2,1,228.66,39800
05-worker-leitura-suja,2,1,245.62,39900
05-worker-leitura-suja,2,1,246.6,40000
05-worker-leitura-suja,2,1,247,39900
05-worker-leitura-suja,2,1,247.8,39800
05-worker-leitura-suja,2,1,265.5,39900
05-worker-leitura-suja,2,1,265.73,40000
05-worker-leitura-suja,2,1,267.03,39900
05-worker-leitura-suja,2,1,267.28,39800
05-worker-leitura-suja,2,1,285.27,39900
05-worker-leitura-suja,2,1,285.7,40000
05-worker-leitura-suja,2,1,286.69,39900
05-worker-leitura-suja,2,1,286.89,39800
05-worker-leitura-suja,2,1,303.89,39900
05-worker-leitura-suja,2,1,305.45,39800
05-worker-leitura-suja,2,1,305.63,39900
05-worker-leitura-suja,2,1,306.92,39800
05-worker-leitura-suja,2,1,323.07,39900
05-worker-leitura-suja,2,1,324.41,39800
05-worker-leitura-suja,2,1,325.35,39900
05-worker-leitura-suja,2,1,326.46,39800
05-worker-leitura-suja,2,1,341.61,39900
05-worker-leitura-suja,2,1,342.6,39800
05-worker-leitura-suja,2,1,345.34,39900
05-worker-leitura-suja,2,1,346.55,39800
05-worker-leitura-suja,2,1,360.4,39900
05-worker-leitura-suja,2,1,361.65,39800
05-worker-leitura-suja,2,1,364.58,39900
05-worker-leitura-suja,2,1,365.71,39800
05-worker-leitura-suja,2,1,378.83,39900
05-worker-leitura-suja,2,1,379.72,39800
05-worker-leitura-suja,2,1,385.52,39900
05-worker-leitura-suja,2,1,386.45,39800
05-worker-leitura-suja,2,1,396.76,39900
05-worker-leitura-suja,2,1,397.69,39800
05-worker-leitura-suja,2,1,404.79,39900
05-worker-leitura-suja,2,1,406.94,39800
05-worker-leitura-suja,2,1,415.19,39900
05-worker-leitura-suja,2,1,416.49,39800
05-worker-leitura-suja,2,1,425.51,39900
05-worker-leitura-suja,2,1,426.8,39800
05-worker-leitura-suja,2,1,433.66,39900
05-worker-leitura-suja,2,1,435.08,39800
05-worker-leitura-suja,2,1,444.03,39900
05-worker-leitura-suja,2,1,446.18,39800
05-worker-leitura-suja,2,1,451.65,39900
05-worker-leitura-suja,2,1,463.71,40000
05-worker-leitura-suja,2,1,467.3,40000
05-worker-leitura-suja,4,1,1.04,40000
05-worker-leitura-suja,4,1,80.06,39900
05-worker-leitura-suja,4,1,83.23,39800
05-worker-leitura-suja,4,1,84.42,39700
05-worker-leitura-suja,4,1,88.04,39600
05-worker-leitura-suja,4,1,98.41,39700
05-worker-leitura-suja,4,1,99.25,39600
05-worker-leitura-suja,4,1,101.27,39700
05-worker-leitura-suja,4,1,101.45,39800
05-worker-leitura-suja,4,1,102.4,39700
05-worker-leitura-suja,4,1,102.55,39600
05-worker-leitura-suja,4,1,105.21,39700
05-worker-leitura-suja,4,1,105.92,39600
05-worker-leitura-suja,4,1,116.2,39700
05-worker-leitura-suja,4,1,116.89,39600
05-worker-leitura-suja,4,1,119.26,39700
05-worker-leitura-suja,4,1,119.38,39800
05-worker-leitura-suja,4,1,120.01,39700
05-worker-leitura-suja,4,1,120.16,39600
05-worker-leitura-suja,4,1,122.16,39700
05-worker-leitura-suja,4,1,122.8,39600
05-worker-leitura-suja,4,1,135.3,39700
05-worker-leitura-suja,4,1,136.09,39600
05-worker-leitura-suja,4,1,137.28,39700
05-worker-leitura-suja,4,1,137.39,39800
05-worker-leitura-suja,4,1,138.18,39600
05-worker-leitura-suja,4,1,139.08,39700
05-worker-leitura-suja,4,1,139.8,39600
05-worker-leitura-suja,4,1,152.28,39700
05-worker-leitura-suja,4,1,153.09,39600
05-worker-leitura-suja,4,1,155.16,39700
05-worker-leitura-suja,4,1,156.05,39600
05-worker-leitura-suja,4,1,156.44,39800
05-worker-leitura-suja,4,1,157.16,39700
05-worker-leitura-suja,4,1,157.32,39600
05-worker-leitura-suja,4,1,169.17,39700
05-worker-leitura-suja,4,1,169.86,39600
05-worker-leitura-suja,4,1,172.16,39700
05-worker-leitura-suja,4,1,172.87,39600
05-worker-leitura-suja,4,1,174.11,39700
05-worker-leitura-suja,4,1,174.22,39800
05-worker-leitura-suja,4,1,174.95,39700
05-worker-leitura-suja,4,1,175.06,39600
05-worker-leitura-suja,4,1,186.28,39700
05-worker-leitura-suja,4,1,186.92,39600
05-worker-leitura-suja,4,1,189.06,39700
05-worker-leitura-suja,4,1,189.77,39600
05-worker-leitura-suja,4,1,191.15,39700
05-worker-leitura-suja,4,1,191.28,39800
05-worker-leitura-suja,4,1,191.94,39700
05-worker-leitura-suja,4,1,192.07,39600
05-worker-leitura-suja,4,1,203.13,39700
05-worker-leitura-suja,4,1,203.82,39600
05-worker-leitura-suja,4,1,207.08,39700
05-worker-leitura-suja,4,1,207.91,39600
05-worker-leitura-suja,4,1,208.29,39800
05-worker-leitura-suja,4,1,208.92,39700
05-worker-leitura-suja,4,1,209.06,39600
05-worker-leitura-suja,4,1,221.17,39700
05-worker-leitura-suja,4,1,221.88,39600
05-worker-leitura-suja,4,1,224.09,39700
05-worker-leitura-suja,4,1,224.83,39600
05-worker-leitura-suja,4,1,225.26,39700
05-worker-leitura-suja,4,1,225.94,39600
05-worker-leitura-suja,4,1,226.18,39700
05-worker-leitura-suja,4,1,227.18,39600
05-worker-leitura-suja,4,1,238.18,39700
05-worker-leitura-suja,4,1,238.82,39600
05-worker-leitura-suja,4,1,241.03,39700
05-worker-leitura-suja,4,1,241.72,39600
05-worker-leitura-suja,4,1,244.04,39700
05-worker-leitura-suja,4,1,244.19,39800
05-worker-leitura-suja,4,1,245.02,39700
05-worker-leitura-suja,4,1,245.18,39600
05-worker-leitura-suja,4,1,257.57,39700
05-worker-leitura-suja,4,1,258.18,39800
05-worker-leitura-suja,4,1,261.32,39900
05-worker-leitura-suja,4,1,262.34,40000
05-worker-leitura-suja,4,1,264.32,40000
05-worker-leitura-suja,8,1,1.26,40000
05-worker-leitura-suja,8,1,132.78,39900
05-worker-leitura-suja,8,1,137.36,39700
05-worker-leitura-suja,8,1,138.94,39600
05-worker-leitura-suja,8,1,140.73,39500
05-worker-leitura-suja,8,1,141.11,39400
05-worker-leitura-suja,8,1,141.91,39300
05-worker-leitura-suja,8,1,145.92,39200
05-worker-leitura-suja,8,1,153.15,39300
05-worker-leitura-suja,8,1,153.93,39200
05-worker-leitura-suja,8,1,155.58,39300
05-worker-leitura-suja,8,1,155.74,39400
05-worker-leitura-suja,8,1,157.26,39300
05-worker-leitura-suja,8,1,157.69,39200
05-worker-leitura-suja,8,1,157.96,39300
05-worker-leitura-suja,8,1,159.43,39400
05-worker-leitura-suja,8,1,160.09,39500
05-worker-leitura-suja,8,1,161.16,39400
05-worker-leitura-suja,8,1,161.29,39200
05-worker-leitura-suja,8,1,164.01,39300
05-worker-leitura-suja,8,1,164.94,39200
05-worker-leitura-suja,8,1,170.8,39300
05-worker-leitura-suja,8,1,171.45,39200
05-worker-leitura-suja,8,1,175.22,39300
05-worker-leitura-suja,8,1,175.34,39400
05-worker-leitura-suja,8,1,176.06,39300
05-worker-leitura-suja,8,1,176.3,39200
05-worker-leitura-suja,8,1,176.99,39300
05-worker-leitura-suja,8,1,177.71,39200
05-worker-leitura-suja,8,1,178.45,39300
05-worker-leitura-suja,8,1,178.6,39400
05-worker-leitura-suja,8,1,178.75,39500
05-worker-leitura-suja,8,1,179.54,39400
05-worker-leitura-suja,8,1,179.66,39300
05-worker-leitura-suja,8,1,179.78,39200
05-worker-leitura-suja,8,1,182.81,39300
05-worker-leitura-suja,8,1,183.47,39200
05-worker-leitura-suja,8,1,187.82,39300
05-worker-leitura-suja,8,1,188.36,39200
05-worker-leitura-suja,8,1,192.93,39300
05-worker-leitura-suja,8,1,193.61,39400
05-worker-leitura-suja,8,1,193.83,39300
05-worker-leitura-suja,8,1,194.4,39200
05-worker-leitura-suja,8,1,194.8,39300
05-worker-leitura-suja,8,1,195.56,39200
05-worker-leitura-suja,8,1,197.09,39300
05-worker-leitura-suja,8,1,197.26,39500
05-worker-leitura-suja,8,1,198.04,39400
05-worker-leitura-suja,8,1,198.21,39300
05-worker-leitura-suja,8,1,198.41,39200
05-worker-leitura-suja,8,1,199.75,39300
05-worker-leitura-suja,8,1,200.4,39200
05-worker-leitura-suja,8,1,204.85,39300
05-worker-leitura-suja,8,1,205.56,39200
05-worker-leitura-suja,8,1,210.9,39300
05-worker-leitura-suja,8,1,211.04,39400
05-worker-leitura-suja,8,1,211.91,39300
05-worker-leitura-suja,8,1,212.8,39200
05-worker-leitura-suja,8,1,214.93,39300
05-worker-leitura-suja,8,1,215.26,39500
05-worker-leitura-suja,8,1,216,39400
05-worker-leitura-suja,8,1,216.42,39200
05-worker-leitura-suja,8,1,216.93,39300
05-worker-leitura-suja,8,1,217.52,39200
05-worker-leitura-suja,8,1,221.81,39300
05-worker-leitura-suja,8,1,229.09,39400
05-worker-leitura-suja,8,1,229.26,39600
05-worker-leitura-suja,8,1,233.12,39700
05-worker-leitura-suja,8,1,233.33,39900
05-worker-leitura-suja,8,1,234.54,40000
05-worker-leitura-suja,8,1,237.39,40000
05-worker-leitura-suja,10,1,3.26,40000
05-worker-leitura-suja,10,1,133.3,39900
05-worker-leitura-suja,10,1,150.04,39800
05-worker-leitura-suja,10,1,154.88,39900
05-worker-leitura-suja,10,1,157.38,39800
05-worker-leitura-suja,10,1,175.43,39900
05-worker-leitura-suja,10,1,177.28,39800
05-worker-leitura-suja,10,1,186.85,39900
05-worker-leitura-suja,10,1,187.84,39800
05-worker-leitura-suja,10,1,189.24,39700
05-worker-leitura-suja,10,1,190.33,39600
05-worker-leitura-suja,10,1,194.03,39700
05-worker-leitura-suja,10,1,195.04,39600
05-worker-leitura-suja,10,1,195.65,39500
05-worker-leitura-suja,10,1,195.89,39400
05-worker-leitura-suja,10,1,198.79,39300
05-worker-leitura-suja,10,1,204.14,39200
05-worker-leitura-suja,10,1,209.58,39300
05-worker-leitura-suja,10,1,210.25,39200
05-worker-leitura-suja,10,1,214.09,39300
05-worker-leitura-suja,10,1,217.94,39400
05-worker-leitura-suja,10,1,219.56,39300
05-worker-leitura-suja,10,1,219.86,39400
05-worker-leitura-suja,10,1,220.89,39500
05-worker-leitura-suja,10,1,222.71,39600
05-worker-leitura-suja,10,1,223.17,39500
05-worker-leitura-suja,10,1,223.55,39400
05-worker-leitura-suja,10,1,224.34,39300
05-worker-leitura-suja,10,1,224.64,39100
05-worker-leitura-suja,10,1,225.41,39200
05-worker-leitura-suja,10,1,226.35,39100
05-worker-leitura-suja,10,1,231.83,39200
05-worker-leitura-suja,10,1,232.61,39100
05-worker-leitura-suja,10,1,239.84,39200
05-worker-leitura-suja,10,1,240.16,39300
05-worker-leitura-suja,10,1,241.34,39200
05-worker-leitura-suja,10,1,242.34,39300
05-worker-leitura-suja,10,1,242.52,39400
05-worker-leitura-suja,10,1,242.78,39600
05-worker-leitura-suja,10,1,244.12,39400
05-worker-leitura-suja,10,1,244.45,39200
05-worker-leitura-suja,10,1,245.02,39100
05-worker-leitura-suja,10,1,249.75,39200
05-worker-leitura-suja,10,1,250.51,39100
05-worker-leitura-suja,10,1,258.69,39200
05-worker-leitura-suja,10,1,259.4,39100
05-worker-leitura-suja,10,1,261.08,39300
05-worker-leitura-suja,10,1,261.27,39500
05-worker-leitura-suja,10,1,262.48,39800
05-worker-leitura-suja,10,1,262.7,39700
05-worker-leitura-suja,10,1,262.95,39600
05-worker-leitura-suja,10,1,263.19,39400
05-worker-leitura-suja,10,1,264.05,39300
05-worker-leitura-suja,10,1,264.55,39200
05-worker-leitura-suja,10,1,266.99,39300
05-worker-leitura-suja,10,1,267.69,39200
05-worker-leitura-suja,10,1,275.48,39300
05-worker-leitura-suja,10,1,279.87,39400
05-worker-leitura-suja,10,1,280.9,39500
05-worker-leitura-suja,10,1,281.27,39600
05-worker-leitura-suja,10,1,282.2,39800
05-worker-leitura-suja,10,1,285.21,39900
05-worker-leitura-suja,10,1,298.62,40000
05-worker-leitura-suja,10,1,300.75,40000
05-worker-leitura-suja,16,1,5.24,40000
05-worker-leitura-suja,16,1,211.61,39900
05-worker-leitura-suja,16,1,214.3,39800
05-worker-leitura-suja,16,1,230.5,39700
05-worker-leitura-suja,16,1,235.13,39600
05-worker-leitura-suja,16,1,254.69,39500
05-worker-leitura-suja,16,1,261.56,39400
05-worker-leitura-suja,16,1,269.15,39200
05-worker-leitura-suja,16,1,270.28,39300
05-worker-leitura-suja,16,1,285.69,39200
05-worker-leitura-suja,16,1,287.07,39100
05-worker-leitura-suja,16,1,291.42,39000
05-worker-leitura-suja,16,1,293.69,38900
05-worker-leitura-suja,16,1,311.18,39000
05-worker-leitura-suja,16,1,314.68,39100
05-worker-leitura-suja,16,1,315.34,39400
05-worker-leitura-suja,16,1,322.24,39300
05-worker-leitura-suja,16,1,327.6,39200
05-worker-leitura-suja,16,1,328.41,38800
05-worker-leitura-suja,16,1,329.85,38700
05-worker-leitura-suja,16,1,332.29,38800
05-worker-leitura-suja,16,1,334.85,38900
05-worker-leitura-suja,16,1,335.86,38800
05-worker-leitura-suja,16,1,340.36,38600
05-worker-leitura-suja,16,1,347.59,38500
05-worker-leitura-suja,16,1,348.3,38600
05-worker-leitura-suja,16,1,348.84,38700
05-worker-leitura-suja,16,1,353.72,38800
05-worker-leitura-suja,16,1,356.14,38900
05-worker-leitura-suja,16,1,357.22,39200
05-worker-leitura-suja,16,1,360.79,39400
05-worker-leitura-suja,16,1,369.64,39500
05-worker-leitura-suja,16,1,376.99,39400
05-worker-leitura-suja,16,1,378.25,39600
05-worker-leitura-suja,16,1,378.89,39700
05-worker-leitura-suja,16,1,388.67,39600
05-worker-leitura-suja,16,1,389.95,39700
05-worker-leitura-suja,16,1,390.57,39800
05-worker-leitura-suja,16,1,401.92,39900
05-worker-leitura-suja,16,1,410.95,40000
05-worker-leitura-suja,16,1,415.19,40000
05-worker-leitura-suja,20,1,38.97,40000
05-worker-leitura-suja,20,1,249.78,39900
05-worker-leitura-suja,20,1,283.03,39800
05-worker-leitura-suja,20,1,286.91,39700
05-worker-leitura-suja,20,1,293.42,39800
05-worker-leitura-suja,20,1,296.22,39700
05-worker-leitura-suja,20,1,310.06,39600
05-worker-leitura-suja,20,1,310.52,39500
05-worker-leitura-suja,20,1,315.3,39600
05-worker-leitura-suja,20,1,318.76,39500
05-worker-leitura-suja,20,1,326.76,39400
05-worker-leitura-suja,20,1,329.26,39300
05-worker-leitura-suja,20,1,330.88,39200
05-worker-leitura-suja,20,1,332.38,39300
05-worker-leitura-suja,20,1,338.6,39200
05-worker-leitura-suja,20,1,339.33,39100
05-worker-leitura-suja,20,1,348.89,38900
05-worker-leitura-suja,20,1,353.35,38800
05-worker-leitura-suja,20,1,355.54,38900
05-worker-leitura-suja,20,1,360.85,38800
05-worker-leitura-suja,20,1,362.86,38700
05-worker-leitura-suja,20,1,364.81,38600
05-worker-leitura-suja,20,1,370.78,38700
05-worker-leitura-suja,20,1,376.32,38600
05-worker-leitura-suja,20,1,379.43,38500
05-worker-leitura-suja,20,1,380.63,38600
05-worker-leitura-suja,20,1,381.35,38700
05-worker-leitura-suja,20,1,384.69,38800
05-worker-leitura-suja,20,1,385.48,38700
05-worker-leitura-suja,20,1,388.24,38800
05-worker-leitura-suja,20,1,390.17,38700
05-worker-leitura-suja,20,1,390.98,38600
05-worker-leitura-suja,20,1,391.7,38700
05-worker-leitura-suja,20,1,392.85,38800
05-worker-leitura-suja,20,1,393.2,38900
05-worker-leitura-suja,20,1,393.52,38800
05-worker-leitura-suja,20,1,395.02,38900
05-worker-leitura-suja,20,1,396.27,38800
05-worker-leitura-suja,20,1,397.29,38600
05-worker-leitura-suja,20,1,397.59,38700
05-worker-leitura-suja,20,1,404.1,38600
05-worker-leitura-suja,20,1,404.77,38700
05-worker-leitura-suja,20,1,409.21,38800
05-worker-leitura-suja,20,1,411.16,38900
05-worker-leitura-suja,20,1,414.33,39000
05-worker-leitura-suja,20,1,415.31,39100
05-worker-leitura-suja,20,1,416.29,39200
05-worker-leitura-suja,20,1,427.55,39300
05-worker-leitura-suja,20,1,428.87,39400
05-worker-leitura-suja,20,1,437.23,39500
05-worker-leitura-suja,20,1,439.7,39600
05-worker-leitura-suja,20,1,446.11,39500
05-worker-leitura-suja,20,1,450.94,39600
05-worker-leitura-suja,20,1,452.84,39500
05-worker-leitura-suja,20,1,455.01,39300
05-worker-leitura-suja,20,1,458.72,39200
05-worker-leitura-suja,20,1,464.04,39300
05-worker-leitura-suja,20,1,464.83,39400
05-worker-leitura-suja,20,1,468.55,39300
05-worker-leitura-suja,20,1,473.4,39400
05-worker-leitura-suja,20,1,476.73,39500
05-worker-leitura-suja,20,1,476.95,39600
05-worker-leitura-suja,20,1,479.81,39700
05-worker-leitura-suja,20,1,479.94,39800
05-worker-leitura-suja,20,1,484.61,39900
05-worker-leitura-suja,20,1,485.63,40000
05-worker-leitura-suja,20,1,487.6,40000
